drugId,targetId,smiles,prefName
CHEMBL1000,ENSG00000196639,O=C(O)COCCN1CCN(C(c2ccccc2)c2ccc(Cl)cc2)CC1,CETIRIZINE
CHEMBL1008,ENSG00000151067,CC(C)COCC(CN(Cc1ccccc1)c1ccccc1)N1CCCC1,BEPRIDIL
CHEMBL1008,ENSG00000157388,CC(C)COCC(CN(Cc1ccccc1)c1ccccc1)N1CCCC1,BEPRIDIL
CHEMBL101,ENSG00000073756,CCCCC1C(=O)N(c2ccccc2)N(c2ccccc2)C1=O,PHENYLBUTAZONE
CHEMBL1017,ENSG00000144891,CCCc1nc2c(C)cc(-c3nc4ccccc4n3C)cc2n1Cc1ccc(-c2ccccc2C(=O)O)cc1,TELMISARTAN
CHEMBL1020,ENSG00000073756,Cc1ccc(C(=O)c2ccc(CC(=O)O)n2C)cc1,TOLMETIN
CHEMBL1046,ENSG00000104368,NCCCCCC(=O)O,AMINOCAPROIC ACID
CHEMBL1051,ENSG00000122420,CC(C)OC(=O)CCC/C=C\C[C@@H]1[C@@H](CC[C@@H](O)CCc2ccccc2)[C@H](O)C[C@@H]1O,LATANOPROST
CHEMBL1064,ENSG00000113161,CCC(C)(C)C(=O)O[C@H]1C[C@@H](C)C=C2C=C[C@H](C)[C@H](CC[C@@H]3C[C@@H](O)CC(=O)O3)[C@H]21,SIMVASTATIN
CHEMBL1068,ENSG00000169432,NC(=O)N1c2ccccc2CC(=O)c2ccccc21,OXCARBAZEPINE
CHEMBL107,ENSG00000137267,COc1cc2c(c(OC)c1OC)-c1ccc(OC)c(=O)cc1[C@@H](NC(C)=O)CC2,COLCHICINE
CHEMBL107,ENSG00000176014,COc1cc2c(c(OC)c1OC)-c1ccc(OC)c(=O)cc1[C@@H](NC(C)=O)CC2,COLCHICINE
CHEMBL107,ENSG00000258947,COc1cc2c(c(OC)c1OC)-c1ccc(OC)c(=O)cc1[C@@H](NC(C)=O)CC2,COLCHICINE
CHEMBL1070,ENSG00000073756,COc1ccc2cc(CCC(C)=O)ccc2c1,NABUMETONE
CHEMBL1071,ENSG00000073756,O=C(O)CCc1nc(-c2ccccc2)c(-c2ccccc2)o1,OXAPROZIN
CHEMBL1073,ENSG00000187486,Cc1cnc(C(=O)NCCc2ccc(S(=O)(=O)NC(=O)NC3CCCCC3)cc2)cn1,GLIPIZIDE
CHEMBL1075,ENSG00000169432,CCOC(=O)Nc1ccc2c(c1)N(C(=O)CCN1CCOCC1)c1ccccc1S2,MORICIZINE
CHEMBL1077,ENSG00000073756,Nc1c(CC(=O)O)cccc1C(=O)c1ccc(Br)cc1,BROMFENAC
CHEMBL108,ENSG00000169432,NC(=O)N1c2ccccc2C=Cc2ccccc21,CARBAMAZEPINE
CHEMBL1082407,ENSG00000169083,CNC(=O)c1ccc(N2C(=S)N(c3ccc(C#N)c(C(F)(F)F)c3)C(=O)C2(C)C)cc1F,ENZALUTAMIDE
CHEMBL1089,ENSG00000069535,NNCCc1ccccc1,PHENELZINE
CHEMBL109,ENSG00000112294,CCCC(CCC)C(=O)O,VALPROIC ACID
CHEMBL1094,ENSG00000198785,NC(=O)OCC(COC(N)=O)c1ccccc1,FELBAMATE
CHEMBL1095,ENSG00000169432,CCN1C(=O)NC(c2ccccc2)C1=O,ETHOTOIN
CHEMBL1096,ENSG00000113448,CC(C)c1ccc2oc3nc(N)c(C(=O)O)cc3c(=O)c2c1,AMLEXANOX
CHEMBL1101,ENSG00000168539,OC(CCN1CCCCC1)(c1ccccc1)C1CC2C=CC1C2,BIPERIDEN
CHEMBL1117,ENSG00000131747,CC(=O)[C@]1(O)Cc2c(O)c3c(c(O)c2[C@@H](O[C@H]2C[C@H](N)[C@H](O)[C@H](C)O2)C1)C(=O)c1ccccc1C3=O,IDARUBICIN
CHEMBL112,ENSG00000073756,CC(=O)Nc1ccc(O)cc1,ACETAMINOPHEN
CHEMBL112,ENSG00000117480,CC(=O)Nc1ccc(O)cc1,ACETAMINOPHEN
CHEMBL1123,ENSG00000133019,CCN(CC)CCOC(=O)C1(C2CCCCC2)CCCCC1,DICYCLOMINE
CHEMBL1123,ENSG00000168539,CCN(CC)CCOC(=O)C1(C2CCCCC2)CCCCC1,DICYCLOMINE
CHEMBL113,ENSG00000128271,Cn1c(=O)c2c(ncn2C)n(C)c1=O,CAFFEINE
CHEMBL113,ENSG00000170425,Cn1c(=O)c2c(ncn2C)n(C)c1=O,CAFFEINE
CHEMBL1131,ENSG00000077092,COc1cc(C)c(/C=C/C(C)=C/C=C/C(C)=C/C(=O)O)c(C)c1C,ACITRETIN
CHEMBL1131,ENSG00000131759,COc1cc(C)c(/C=C/C(C)=C/C=C/C(C)=C/C(=O)O)c(C)c1C,ACITRETIN
CHEMBL1131,ENSG00000143171,COc1cc(C)c(/C=C/C(C)=C/C=C/C(C)=C/C(=O)O)c(C)c1C,ACITRETIN
CHEMBL1131,ENSG00000172819,COc1cc(C)c(/C=C/C(C)=C/C=C/C(C)=C/C(=O)O)c(C)c1C,ACITRETIN
CHEMBL1131,ENSG00000186350,COc1cc(C)c(/C=C/C(C)=C/C=C/C(C)=C/C(=O)O)c(C)c1C,ACITRETIN
CHEMBL1144,ENSG00000113161,CC[C@H](C)C(=O)O[C@H]1C[C@H](O)C=C2C=C[C@H](C)[C@H](CC[C@@H](O)C[C@@H](O)CC(=O)O)[C@H]21,PRAVASTATIN
CHEMBL1159650,ENSG00000113580,CCC(=O)O[C@]1(C(=O)CCl)[C@@H](C)C[C@H]2[C@@H]3CCC4=CC(=O)C=C[C@]4(C)[C@@]3(F)[C@@H](O)C[C@@]21C,CLOBETASOL PROPIONATE
CHEMBL1161,ENSG00000113580,C[C@@H]1C[C@H]2[C@@H]3CCC4=CC(=O)C=C[C@]4(C)[C@@]3(Cl)[C@@H](O)C[C@]2(C)[C@@]1(OC(=O)c1ccco1)C(=O)CCl,MOMETASONE FUROATE
CHEMBL1172,ENSG00000196639,Clc1ccc2c(c1)CCc1cccnc1C2=C1CCNCC1,DESLORATADINE
CHEMBL1173055,ENSG00000143799,CNCc1ccc(-c2[nH]c3cc(F)cc4c3c2CCNC4=O)cc1,RUCAPARIB
CHEMBL118,ENSG00000073756,Cc1ccc(-c2cc(C(F)(F)F)nn2-c2ccc(S(N)(=O)=O)cc2)cc1,CELECOXIB
CHEMBL1189432,ENSG00000196639,CN(C)CC/C=C1/c2ccccc2COc2ccc(CC(=O)O)cc21,OLOPATADINE
CHEMBL1193,ENSG00000196639,CN(C)CCC(c1ccccc1)c1ccccn1,PHENIRAMINE
CHEMBL12,ENSG00000022355,CN1C(=O)CN=C(c2ccccc2)c2cc(Cl)ccc21,DIAZEPAM
CHEMBL12,ENSG00000163285,CN1C(=O)CN=C(c2ccccc2)c2cc(Cl)ccc21,DIAZEPAM
CHEMBL12,ENSG00000186297,CN1C(=O)CN=C(c2ccccc2)c2cc(Cl)ccc21,DIAZEPAM
CHEMBL1200,ENSG00000169432,CCCCOc1cc(C(=O)OCCN(CC)CC)ccc1N,BENOXINATE
CHEMBL1200386,ENSG00000113580,CCOC(=O)O[C@]1(C(=O)COC(=O)CC)CC[C@H]2[C@@H]3CCC4=CC(=O)C=C[C@]4(C)[C@H]3[C@@H](O)C[C@@]21C,PREDNICARBATE
CHEMBL1200500,ENSG00000113580,CCC(=O)OCC(=O)[C@@]1(OC(=O)CC)[C@@H](C)C[C@H]2[C@@H]3CCC4=CC(=O)C=C[C@]4(C)[C@@]3(Cl)[C@@H](O)C[C@@]21C,BECLOMETHASONE DIPROPIONATE
CHEMBL1200545,ENSG00000113580,CC(=O)OCC(=O)[C@@]1(OC(C)=O)[C@@H](C)C[C@H]2[C@@H]3C[C@H](F)C4=CC(=O)C=C[C@]4(C)[C@@]3(F)[C@@H](O)C[C@@]21C,DIFLORASONE DIACETATE
CHEMBL1200604,ENSG00000133019,CCN(Cc1ccncc1)C(=O)C(CO)c1ccccc1,TROPICAMIDE
CHEMBL1200617,ENSG00000113580,CCC(=O)[C@@]1(C)[C@H](C)C[C@H]2[C@@H]3CCC4=CC(=O)C=C[C@]4(C)[C@H]3[C@@H](O)C[C@@]21C,RIMEXOLONE
CHEMBL1200666,ENSG00000111424,C=C1/C(=C\C=C2/CCC[C@]3(C)[C@@H]([C@H](C)/C=C/[C@@H](O)C4CC4)CC[C@@H]23)C[C@@H](O)C[C@@H]1O,CALCIPOTRIENE
CHEMBL1200845,ENSG00000113580,CC1(C)O[C@@H]2C[C@H]3[C@@H]4CCC5=CC(=O)CC[C@]5(C)[C@@]4(F)[C@@H](O)C[C@]3(C)[C@]2(C(=O)CCl)O1,HALCINONIDE
CHEMBL1200865,ENSG00000113580,CCOC(=O)O[C@]1(C(=O)OCCl)CC[C@H]2[C@@H]3CCC4=CC(=O)C=C[C@]4(C)[C@H]3[C@@H](O)C[C@@]21C,LOTEPREDNOL ETABONATE
CHEMBL1201012,ENSG00000113580,CC1(C)O[C@@H]2C[C@H]3[C@@H]4C[C@H](F)C5=CC(=O)CC[C@]5(C)[C@H]4[C@@H](O)C[C@]3(C)[C@]2(C(=O)CO)O1,FLURANDRENOLIDE
CHEMBL1201129,ENSG00000119772,Nc1ncn([C@H]2C[C@H](O)[C@@H](CO)O2)c(=O)n1,DECITABINE
CHEMBL1201129,ENSG00000130816,Nc1ncn([C@H]2C[C@H](O)[C@@H](CO)O2)c(=O)n1,DECITABINE
CHEMBL1201168,ENSG00000069535,Cc1cc(C(=O)NNCc2ccccc2)no1,ISOCARBOXAZID
CHEMBL1201173,ENSG00000113580,CC(=O)[C@H]1CC[C@H]2[C@@H]3C[C@H](C)C4=CC(=O)CC[C@]4(C)[C@H]3[C@@H](O)C[C@]12C,MEDRYSONE
CHEMBL1201191,ENSG00000196639,O=C(O)COCCN1CCN([C@H](c2ccccc2)c2ccc(Cl)cc2)CC1,LEVOCETIRIZINE
CHEMBL1201203,ENSG00000168539,CN1[C@@H]2CC[C@H]1C[C@@H](OC(c1ccccc1)c1ccccc1)C2,BENZTROPINE
CHEMBL1201234,ENSG00000150594,CNC(C)(C)Cc1ccccc1,MEPHENTERMINE
CHEMBL1201234,ENSG00000169252,CNC(C)(C)Cc1ccccc1,MEPHENTERMINE
CHEMBL1201234,ENSG00000184160,CNC(C)(C)Cc1ccccc1,MEPHENTERMINE
CHEMBL1201262,ENSG00000150594,CNCC(O)c1ccc(OC(=O)C(C)(C)C)c(OC(=O)C(C)(C)C)c1,DIPIVEFRIN
CHEMBL1201262,ENSG00000169252,CNCC(O)c1ccc(OC(=O)C(C)(C)C)c(OC(=O)C(C)(C)C)c1,DIPIVEFRIN
CHEMBL1201262,ENSG00000184160,CNCC(O)c1ccc(OC(=O)C(C)(C)C)c(OC(=O)C(C)(C)C)c1,DIPIVEFRIN
CHEMBL1201287,ENSG00000196639,CN(C)CC[C@@H](c1ccc(Br)cc1)c1ccccn1,DEXBROMPHENIRAMINE
CHEMBL1201293,ENSG00000022355,CC(=O)NCCCS(=O)(=O)O,ACAMPROSATE
CHEMBL1201293,ENSG00000094755,CC(=O)NCCCS(=O)(=O)O,ACAMPROSATE
CHEMBL1201293,ENSG00000163285,CC(=O)NCCCS(=O)(=O)O,ACAMPROSATE
CHEMBL1201293,ENSG00000166206,CC(=O)NCCCS(=O)(=O)O,ACAMPROSATE
CHEMBL1201293,ENSG00000186297,CC(=O)NCCCS(=O)(=O)O,ACAMPROSATE
CHEMBL1201293,ENSG00000198785,CC(=O)NCCCS(=O)(=O)O,ACAMPROSATE
CHEMBL1201340,ENSG00000133019,C[N+]1(C)CCC(=C(c2ccccc2)c2ccccc2)CC1,DIPHEMANIL
CHEMBL1201340,ENSG00000168539,C[N+]1(C)CCC(=C(c2ccccc2)c2ccccc2)CC1,DIPHEMANIL
CHEMBL1201342,ENSG00000147246,CN1CCCC(CC2c3ccccc3Sc3ccccc32)C1,METHIXENE
CHEMBL1201342,ENSG00000168539,CN1CCCC(CC2c3ccccc3Sc3ccccc32)C1,METHIXENE
CHEMBL1201354,ENSG00000133019,CC[N+](CC)(CC)CCC(O)(c1ccccc1)C1CCCCC1,TRIDIHEXETHYL
CHEMBL1201354,ENSG00000168539,CC[N+](CC)(CC)CCC(O)(c1ccccc1)C1CCCCC1,TRIDIHEXETHYL
CHEMBL1206,ENSG00000168539,CCN(CC)C(C)CN1c2ccccc2Sc2ccccc21,ETHOPROPAZINE
CHEMBL1206690,ENSG00000073756,CCC(=O)NS(=O)(=O)c1ccc(-c2c(-c3ccccc3)noc2C)cc1,PARECOXIB
CHEMBL121,ENSG00000132170,CN(CCOc1ccc(CC2SC(=O)NC2=O)cc1)c1ccccn1,ROSIGLITAZONE
CHEMBL122,ENSG00000073756,CS(=O)(=O)c1ccc(C2=C(c3ccccc3)C(=O)OC2)cc1,ROFECOXIB
CHEMBL1229517,ENSG00000157764,CCCS(=O)(=O)Nc1ccc(F)c(C(=O)c2c[nH]c3ncc(-c4ccc(Cl)cc4)cc23)c1F,VEMURAFENIB
CHEMBL1231,ENSG00000133019,CCN(CC)CC#CCOC(=O)C(O)(c1ccccc1)C1CCCCC1,OXYBUTYNIN
CHEMBL1241,ENSG00000196639,CN(C)CCN(Cc1ccccc1)c1ccccn1,TRIPELENNAMINE
CHEMBL1256841,ENSG00000069535,O=C(CCNNC(=O)c1ccncc1)NCc1ccccc1,NIALAMIDE
CHEMBL1257015,ENSG00000006638,COc1ccc(C(=O)NCc2cccnc2)cc1C(=O)NCc1cccnc1,PICOTAMIDE
CHEMBL12610,ENSG00000073756,CN(C)CCCOc1nn(Cc2ccccc2)c2ccccc12,BENZYDAMINE
CHEMBL1263,ENSG00000169252,OCc1cc(C(O)CNCCCCCCOCCCCc2ccccc2)ccc1O,SALMETEROL
CHEMBL1265,ENSG00000077092,COc1ccc(-c2ccc3cc(C(=O)O)ccc3c2)cc1C12CC3CC(CC(C3)C1)C2,ADAPALENE
CHEMBL1265,ENSG00000131759,COc1ccc(-c2ccc3cc(C(=O)O)ccc3c2)cc1C12CC3CC(CC(C3)C1)C2,ADAPALENE
CHEMBL1265,ENSG00000172819,COc1ccc(-c2ccc3cc(C(=O)O)ccc3c2)cc1C12CC3CC(CC(C3)C1)C2,ADAPALENE
CHEMBL1266,ENSG00000150594,c1ccc2c(c1)CCCC2C1=NCCN1,TETRAHYDROZOLINE
CHEMBL1266,ENSG00000184160,c1ccc2c(c1)CCCC2C1=NCCN1,TETRAHYDROZOLINE
CHEMBL12713,ENSG00000147246,O=C1NCCN1CCN1CCC(c2cn(-c3ccc(F)cc3)c3ccc(Cl)cc23)CC1,SERTINDOLE
CHEMBL1272,ENSG00000187486,CCOc1cc(CC(=O)N[C@@H](CC(C)C)c2ccccc2N2CCCCC2)ccc1C(=O)O,REPAGLINIDE
CHEMBL1274,ENSG00000169083,CC1(C)NC(=O)N(c2ccc([N+](=O)[O-])c(C(F)(F)F)c2)C1=O,NILUTAMIDE
CHEMBL1276308,ENSG00000113580,CC#C[C@]1(O)CC[C@H]2[C@@H]3CCC4=CC(=O)CCC4=C3[C@@H](c3ccc(N(C)C)cc3)C[C@@]21C,MIFEPRISTONE
CHEMBL1282,ENSG00000196664,CC(C)Cn1cnc2c(N)nc3ccccc3c21,IMIQUIMOD
CHEMBL1286,ENSG00000159164,CC[C@@H](C(N)=O)N1CCCC1=O,LEVETIRACETAM
CHEMBL1287853,ENSG00000096968,Cc1cnc(Nc2ccc(OCCN3CCCC3)cc2)nc1Nc1cccc(S(=O)(=O)NC(C)(C)C)c1,FEDRATINIB
CHEMBL1287853,ENSG00000122025,Cc1cnc(Nc2ccc(OCCN3CCCC3)cc2)nc1Nc1cccc(S(=O)(=O)NC(C)(C)C)c1,FEDRATINIB
CHEMBL1289926,ENSG00000037280,CNC(=O)c1ccccc1Sc1ccc2c(/C=C/c3ccccn3)n[nH]c2c1,AXITINIB
CHEMBL1289926,ENSG00000102755,CNC(=O)c1ccccc1Sc1ccc2c(/C=C/c3ccccn3)n[nH]c2c1,AXITINIB
CHEMBL1289926,ENSG00000128052,CNC(=O)c1ccccc1Sc1ccc2c(/C=C/c3ccccn3)n[nH]c2c1,AXITINIB
CHEMBL1294,ENSG00000169432,C=C[C@H]1CN2CC[C@H]1C[C@@H]2[C@@H](O)c1ccnc2ccc(OC)cc12,QUINIDINE
CHEMBL1324,ENSG00000093010,Cc1ccc(C(=O)c2cc(O)c(O)c([N+](=O)[O-])c2)cc1,TOLCAPONE
CHEMBL1346,ENSG00000133019,NC(=O)C(c1ccccc1)(c1ccccc1)[C@@H]1CCN(CCc2ccc3c(c2)CCO3)C1,DARIFENACIN
CHEMBL135,ENSG00000091831,C[C@]12CC[C@@H]3c4ccc(O)cc4CC[C@H]3[C@@H]1CC[C@@H]2O,ESTRADIOL
CHEMBL1364144,ENSG00000113580,CC(=O)OCC(=O)[C@@]1(O)CC[C@H]2[C@@H]3C[C@H](C)C4=CC(=O)C=C[C@]4(C)[C@H]3[C@@H](O)C[C@@]21C,METHYLPREDNISOLONE ACETATE
CHEMBL1370,ENSG00000113580,CCCC1O[C@@H]2C[C@H]3[C@@H]4CCC5=CC(=O)C=C[C@]5(C)[C@H]4[C@@H](O)C[C@]3(C)[C@]2(C(=O)CO)O1,BUDESONIDE
CHEMBL1382,ENSG00000133019,Cc1ccc(O)c([C@H](CCN(C(C)C)C(C)C)c2ccccc2)c1,TOLTERODINE
CHEMBL139,ENSG00000073756,O=C(O)Cc1ccccc1Nc1c(Cl)cccc1Cl,DICLOFENAC
CHEMBL1395,ENSG00000169083,C[C@]12CCC(=O)C=C1CC[C@@H]1[C@@H]2CC[C@@]2(C)[C@H]1CC[C@]2(C)O,METHYLTESTOSTERONE
CHEMBL1411979,ENSG00000196639,CN(C)CCN(Cc1cccs1)c1ccccn1,METHAPYRILENE
CHEMBL1421,ENSG00000000938,Cc1nc(Nc2ncc(C(=O)Nc3c(C)cccc3Cl)s2)cc(N2CCN(CCO)CC2)n1,DASATINIB
CHEMBL1421,ENSG00000010810,Cc1nc(Nc2ncc(C(=O)Nc3c(C)cccc3Cl)s2)cc(N2CCN(CCO)CC2)n1,DASATINIB
CHEMBL1421,ENSG00000097007,Cc1nc(Nc2ncc(C(=O)Nc3c(C)cccc3Cl)s2)cc(N2CCN(CCO)CC2)n1,DASATINIB
CHEMBL1421,ENSG00000101336,Cc1nc(Nc2ncc(C(=O)Nc3c(C)cccc3Cl)s2)cc(N2CCN(CCO)CC2)n1,DASATINIB
CHEMBL1421,ENSG00000111816,Cc1nc(Nc2ncc(C(=O)Nc3c(C)cccc3Cl)s2)cc(N2CCN(CCO)CC2)n1,DASATINIB
CHEMBL1421,ENSG00000113721,Cc1nc(Nc2ncc(C(=O)Nc3c(C)cccc3Cl)s2)cc(N2CCN(CCO)CC2)n1,DASATINIB
CHEMBL1421,ENSG00000125508,Cc1nc(Nc2ncc(C(=O)Nc3c(C)cccc3Cl)s2)cc(N2CCN(CCO)CC2)n1,DASATINIB
CHEMBL1421,ENSG00000136573,Cc1nc(Nc2ncc(C(=O)Nc3c(C)cccc3Cl)s2)cc(N2CCN(CCO)CC2)n1,DASATINIB
CHEMBL1421,ENSG00000142627,Cc1nc(Nc2ncc(C(=O)Nc3c(C)cccc3Cl)s2)cc(N2CCN(CCO)CC2)n1,DASATINIB
CHEMBL1421,ENSG00000157404,Cc1nc(Nc2ncc(C(=O)Nc3c(C)cccc3Cl)s2)cc(N2CCN(CCO)CC2)n1,DASATINIB
CHEMBL1421,ENSG00000176105,Cc1nc(Nc2ncc(C(=O)Nc3c(C)cccc3Cl)s2)cc(N2CCN(CCO)CC2)n1,DASATINIB
CHEMBL1421,ENSG00000182866,Cc1nc(Nc2ncc(C(=O)Nc3c(C)cccc3Cl)s2)cc(N2CCN(CCO)CC2)n1,DASATINIB
CHEMBL1421,ENSG00000186716,Cc1nc(Nc2ncc(C(=O)Nc3c(C)cccc3Cl)s2)cc(N2CCN(CCO)CC2)n1,DASATINIB
CHEMBL1421,ENSG00000254087,Cc1nc(Nc2ncc(C(=O)Nc3c(C)cccc3Cl)s2)cc(N2CCN(CCO)CC2)n1,DASATINIB
CHEMBL1428,ENSG00000151067,COCCOC(=O)C1=C(C)NC(C)=C(C(=O)OC(C)C)C1c1cccc([N+](=O)[O-])c1,NIMODIPINE
CHEMBL1428,ENSG00000157388,COCCOC(=O)C1=C(C)NC(C)=C(C(=O)OC(C)C)C1c1cccc([N+](=O)[O-])c1,NIMODIPINE
CHEMBL1431,ENSG00000004779,CN(C)C(=N)NC(=N)N,METFORMIN
CHEMBL1431,ENSG00000023228,CN(C)C(=N)NC(=N)N,METFORMIN
CHEMBL1431,ENSG00000065518,CN(C)C(=N)NC(=N)N,METFORMIN
CHEMBL1431,ENSG00000090266,CN(C)C(=N)NC(=N)N,METFORMIN
CHEMBL1431,ENSG00000099795,CN(C)C(=N)NC(=N)N,METFORMIN
CHEMBL1431,ENSG00000109390,CN(C)C(=N)NC(=N)N,METFORMIN
CHEMBL1431,ENSG00000110717,CN(C)C(=N)NC(=N)N,METFORMIN
CHEMBL1431,ENSG00000115286,CN(C)C(=N)NC(=N)N,METFORMIN
CHEMBL1431,ENSG00000119013,CN(C)C(=N)NC(=N)N,METFORMIN
CHEMBL1431,ENSG00000119421,CN(C)C(=N)NC(=N)N,METFORMIN
CHEMBL1431,ENSG00000123545,CN(C)C(=N)NC(=N)N,METFORMIN
CHEMBL1431,ENSG00000125356,CN(C)C(=N)NC(=N)N,METFORMIN
CHEMBL1431,ENSG00000128609,CN(C)C(=N)NC(=N)N,METFORMIN
CHEMBL1431,ENSG00000131495,CN(C)C(=N)NC(=N)N,METFORMIN
CHEMBL1431,ENSG00000136521,CN(C)C(=N)NC(=N)N,METFORMIN
CHEMBL1431,ENSG00000139180,CN(C)C(=N)NC(=N)N,METFORMIN
CHEMBL1431,ENSG00000145494,CN(C)C(=N)NC(=N)N,METFORMIN
CHEMBL1431,ENSG00000151366,CN(C)C(=N)NC(=N)N,METFORMIN
CHEMBL1431,ENSG00000158864,CN(C)C(=N)NC(=N)N,METFORMIN
CHEMBL1431,ENSG00000164258,CN(C)C(=N)NC(=N)N,METFORMIN
CHEMBL1431,ENSG00000165264,CN(C)C(=N)NC(=N)N,METFORMIN
CHEMBL1431,ENSG00000166136,CN(C)C(=N)NC(=N)N,METFORMIN
CHEMBL1431,ENSG00000167792,CN(C)C(=N)NC(=N)N,METFORMIN
CHEMBL1431,ENSG00000170906,CN(C)C(=N)NC(=N)N,METFORMIN
CHEMBL1431,ENSG00000178127,CN(C)C(=N)NC(=N)N,METFORMIN
CHEMBL1431,ENSG00000183648,CN(C)C(=N)NC(=N)N,METFORMIN
CHEMBL1431,ENSG00000186010,CN(C)C(=N)NC(=N)N,METFORMIN
CHEMBL1431,ENSG00000213619,CN(C)C(=N)NC(=N)N,METFORMIN
CHEMBL1431,ENSG00000267855,CN(C)C(=N)NC(=N)N,METFORMIN
CHEMBL1442422,ENSG00000196639,CN(C)CCN1C(=O)c2ccccc2N(C)c2ccccc21,DIBENZEPIN
CHEMBL1451,ENSG00000113580,C[C@]12C=CC(=O)C=C1CC[C@H]1[C@@H]3C[C@@H](O)[C@](O)(C(=O)CO)[C@@]3(C)C[C@H](O)[C@@]12F,TRIAMCINOLONE
CHEMBL1464,ENSG00000167397,CC(=O)CC(c1ccccc1)c1c(O)c2ccccc2oc1=O,WARFARIN
CHEMBL1466,ENSG00000167397,O=c1oc2ccccc2c(O)c1Cc1c(O)c2ccccc2oc1=O,DICUMAROL
CHEMBL1473,ENSG00000113580,CCC(=O)O[C@]1(C(=O)SCF)[C@H](C)C[C@H]2[C@@H]3C[C@H](F)C4=CC(=O)C=C[C@]4(C)[C@@]3(F)[C@@H](O)C[C@@]21C,FLUTICASONE PROPIONATE
CHEMBL1477,ENSG00000113161,COCc1c(C(C)C)nc(C(C)C)c(/C=C/[C@@H](O)C[C@@H](O)CC(=O)O)c1-c1ccc(F)cc1,CERIVASTATIN
CHEMBL1479,ENSG00000169083,C#C[C@]1(O)CC[C@H]2[C@@H]3CCC4=Cc5oncc5C[C@]4(C)[C@H]3CC[C@@]21C,DANAZOL
CHEMBL1480,ENSG00000151067,CCOC(=O)C1=C(C)NC(C)=C(C(=O)OC)C1c1cccc(Cl)c1Cl,FELODIPINE
CHEMBL1480,ENSG00000157388,CCOC(=O)C1=C(C)NC(C)=C(C(=O)OC)C1c1cccc(Cl)c1Cl,FELODIPINE
CHEMBL1481,ENSG00000187486,CCC1=C(C)CN(C(=O)NCCc2ccc(S(=O)(=O)NC(=O)N[C@H]3CC[C@H](C)CC3)cc2)C1=O,GLIMEPIRIDE
CHEMBL1484,ENSG00000151067,COC(=O)C1=C(C)NC(C)=C(C(=O)OCCN(C)Cc2ccccc2)C1c1cccc([N+](=O)[O-])c1,NICARDIPINE
CHEMBL1484,ENSG00000157388,COC(=O)C1=C(C)NC(C)=C(C(=O)OCCN(C)Cc2ccccc2)C1c1cccc([N+](=O)[O-])c1,NICARDIPINE
CHEMBL1487,ENSG00000113161,CC(C)c1c(C(=O)Nc2ccccc2)c(-c2ccccc2)c(-c2ccc(F)cc2)n1CC[C@@H](O)C[C@@H](O)CC(=O)O,ATORVASTATIN
CHEMBL1489,ENSG00000119772,Nc1ncn([C@@H]2O[C@H](CO)[C@@H](O)[C@H]2O)c(=O)n1,AZACITIDINE
CHEMBL1489,ENSG00000130816,Nc1ncn([C@@H]2O[C@H](CO)[C@@H](O)[C@H]2O)c(=O)n1,AZACITIDINE
CHEMBL1491,ENSG00000151067,CCOC(=O)C1=C(COCCN)NC(C)=C(C(=O)OC)C1c1ccccc1Cl,AMLODIPINE
CHEMBL1491,ENSG00000157388,CCOC(=O)C1=C(COCCN)NC(C)=C(C(=O)OC)C1c1ccccc1Cl,AMLODIPINE
CHEMBL1492,ENSG00000196639,CN1CCC(OC(c2ccccc2)c2ccccc2)CC1,DIPHENYLPYRALINE
CHEMBL1496,ENSG00000113161,CC(C)c1nc(N(C)S(C)(=O)=O)nc(-c2ccc(F)cc2)c1/C=C/[C@@H](O)C[C@@H](O)CC(=O)O,ROSUVASTATIN
CHEMBL1501,ENSG00000113580,CC(=O)OCC(=O)[C@@]12OC(C)(C)O[C@@H]1C[C@H]1[C@@H]3C[C@H](F)C4=CC(=O)C=C[C@]4(C)[C@@]3(F)[C@@H](O)C[C@@]12C,FLUOCINONIDE
CHEMBL1504,ENSG00000113580,CC1(C)O[C@@H]2C[C@H]3[C@@H]4CCC5=CC(=O)C=C[C@]5(C)[C@@]4(F)[C@@H](O)C[C@]3(C)[C@]2(C(=O)CO)O1,TRIAMCINOLONE ACETONIDE
CHEMBL1511,ENSG00000091831,CCCCC(=O)O[C@H]1CC[C@H]2[C@@H]3CCc4cc(O)ccc4[C@H]3CC[C@]12C,ESTRADIOL VALERATE
CHEMBL1512,ENSG00000113580,CC1(C)O[C@@H]2C[C@H]3[C@@H]4C[C@H](F)C5=CC(=O)C=C[C@]5(C)[C@H]4[C@@H](O)C[C@]3(C)[C@]2(C(=O)CO)O1,FLUNISOLIDE
CHEMBL1513,ENSG00000144891,CCCCC1=NC2(CCCC2)C(=O)N1Cc1ccc(-c2ccccc2-c2nnn[nH]2)cc1,IRBESARTAN
CHEMBL1535,ENSG00000196664,CCN(CCO)CCCC(C)Nc1ccnc2cc(Cl)ccc12,HYDROXYCHLOROQUINE
CHEMBL1535,ENSG00000239732,CCN(CCO)CCCC(C)Nc1ccnc2cc(Cl)ccc12,HYDROXYCHLOROQUINE
CHEMBL154,ENSG00000073756,COc1ccc2cc([C@H](C)C(=O)O)ccc2c1,NAPROXEN
CHEMBL1561,ENSG00000171298,OCCN1C[C@H](O)[C@@H](O)[C@H](O)[C@H]1CO,MIGLITOL
CHEMBL1565476,ENSG00000073756,CCCC1C(=O)N2C(N(C)C)=Nc3ccc(C)cc3N2C1=O,APAZONE
CHEMBL15870,ENSG00000073756,CC(C(=O)O)c1ccc(N2Cc3ccccc3C2=O)cc1,INDOPROFEN
CHEMBL159,ENSG00000137267,CC[C@]1(O)C[C@@H]2CN(CCc3c([nH]c4ccccc34)[C@@](C(=O)OC)(c3cc4c(cc3OC)N(C)[C@H]3[C@@](O)(C(=O)OC)[C@H](OC(C)=O)[C@]5(CC)C=CCN6CC[C@]43[C@@H]65)C2)C1,VINBLASTINE
CHEMBL159,ENSG00000176014,CC[C@]1(O)C[C@@H]2CN(CCc3c([nH]c4ccccc34)[C@@](C(=O)OC)(c3cc4c(cc3OC)N(C)[C@H]3[C@@](O)(C(=O)OC)[C@H](OC(C)=O)[C@]5(CC)C=CCN6CC[C@]43[C@@H]65)C2)C1,VINBLASTINE
CHEMBL159,ENSG00000258947,CC[C@]1(O)C[C@@H]2CN(CCc3c([nH]c4ccccc34)[C@@](C(=O)OC)(c3cc4c(cc3OC)N(C)[C@H]3[C@@](O)(C(=O)OC)[C@H](OC(C)=O)[C@]5(CC)C=CCN6CC[C@]43[C@@H]65)C2)C1,VINBLASTINE
CHEMBL159226,ENSG00000150594,CC(=O)Oc1cc(C(C)C)c(OCCN(C)C)cc1C,MOXISYLYTE
CHEMBL159226,ENSG00000184160,CC(=O)Oc1cc(C(C)C)c(OCCN(C)C)cc1C,MOXISYLYTE
CHEMBL16,ENSG00000169432,O=C1NC(=O)C(c2ccccc2)(c2ccccc2)N1,PHENYTOIN
CHEMBL1614701,ENSG00000126934,Cn1cnc2c(F)c(Nc3ccc(Br)cc3Cl)c(C(=O)NOCCO)cc21,SELUMETINIB
CHEMBL1614701,ENSG00000169032,Cn1cnc2c(F)c(Nc3ccc(Br)cc3Cl)c(C(=O)NOCCO)cc21,SELUMETINIB
CHEMBL1615438,ENSG00000196639,C[C@@H]1CN([C@H]2CC[C@](C#N)(c3ccc(F)cc3)CC2)CC[C@]1(C(=O)O)c1ccccc1,LEVOCABASTINE
CHEMBL1623,ENSG00000196639,Cc1cccc(CN2CCN(C(c3ccccc3)c3ccc(Cl)cc3)CC2)c1,MECLIZINE
CHEMBL1626,ENSG00000196639,CN1CCC[C@@H]1CCO[C@](C)(c1ccccc1)c1ccc(Cl)cc1,CLEMASTINE
CHEMBL1643,ENSG00000106348,NC(=O)c1ncn([C@@H]2O[C@H](CO)[C@@H](O)[C@H]2O)n1,RIBAVIRIN
CHEMBL1648,ENSG00000151067,COC(=O)C1=C(C)NC(C)=C(C(=O)OC(C)C)C1c1cccc2nonc12,ISRADIPINE
CHEMBL1648,ENSG00000157388,COC(=O)C1=C(C)NC(C)=C(C(=O)OC(C)C)C1c1cccc2nonc12,ISRADIPINE
CHEMBL1650,ENSG00000113580,CC(=O)OCC(=O)[C@@]1(O)CC[C@H]2[C@@H]3CCC4=CC(=O)CC[C@]4(C)[C@H]3C(=O)C[C@@]21C,CORTISONE ACETATE
CHEMBL17,ENSG00000074410,NS(=O)(=O)c1cc(Cl)c(Cl)c(S(N)(=O)=O)c1,DICHLORPHENAMIDE
CHEMBL17,ENSG00000104267,NS(=O)(=O)c1cc(Cl)c(Cl)c(S(N)(=O)=O)c1,DICHLORPHENAMIDE
CHEMBL17157,ENSG00000196639,CC(C)(C)c1ccc(C(O)CCCN2CCC(C(O)(c3ccccc3)c3ccccc3)CC2)cc1,TERFENADINE
CHEMBL1726,ENSG00000151067,COC(=O)C1=C(C)NC(C)=C(C(=O)OCC(C)C)C1c1ccccc1[N+](=O)[O-],NISOLDIPINE
CHEMBL1726,ENSG00000157388,COC(=O)C1=C(C)NC(C)=C(C(=O)OCC(C)C)C1c1ccccc1[N+](=O)[O-],NISOLDIPINE
CHEMBL175,ENSG00000073756,CC(C)Cc1ccc([C@H](C)C(=O)O)cc1,DEXIBUPROFEN
CHEMBL1751,ENSG00000105409,C[C@H]1O[C@@H](O[C@H]2[C@@H](O)C[C@H](O[C@H]3[C@@H](O)C[C@H](O[C@H]4CC[C@@]5(C)[C@H](CC[C@@H]6[C@@H]5C[C@@H](O)[C@]5(C)[C@@H](C7=CC(=O)OC7)CC[C@]65O)C4)O[C@@H]3C)O[C@@H]2C)C[C@H](O)[C@@H]1O,DIGOXIN
CHEMBL1751,ENSG00000163399,C[C@H]1O[C@@H](O[C@H]2[C@@H](O)C[C@H](O[C@H]3[C@@H](O)C[C@H](O[C@H]4CC[C@@]5(C)[C@H](CC[C@@H]6[C@@H]5C[C@@H](O)[C@]5(C)[C@@H](C7=CC(=O)OC7)CC[C@]65O)C4)O[C@@H]3C)O[C@@H]2C)C[C@H](O)[C@@H]1O,DIGOXIN
CHEMBL1752,ENSG00000113448,Cn1c(=O)c2c(ncn2CC(O)CO)n(C)c1=O,DYPHYLLINE
CHEMBL1760,ENSG00000169252,CC(C)(C)NCC(O)c1cc(O)cc(O)c1,TERBUTALINE
CHEMBL1762,ENSG00000169432,Cc1cccc(C)c1NC(=O)C(C)N,TOCAINIDE
CHEMBL1766,ENSG00000113580,C[C@@H]1C[C@H]2[C@@H]3CCC4=CC(=O)C=C[C@]4(C)[C@@]3(F)[C@@H](O)C[C@]2(C)[C@H]1C(=O)CO,DESOXIMETASONE
CHEMBL1771,ENSG00000169313,COC(=O)[C@H](c1ccccc1Cl)N1CCc2sccc2C1,CLOPIDOGREL
CHEMBL1773,ENSG00000176890,CCCCCOC(=O)Nc1nc(=O)n([C@@H]2O[C@H](C)[C@@H](O)[C@H]2O)cc1F,CAPECITABINE
CHEMBL178,ENSG00000131747,COc1cccc2c1C(=O)c1c(O)c3c(c(O)c1C2=O)C[C@@](O)(C(C)=O)C[C@@H]3O[C@H]1C[C@H](N)[C@H](O)[C@H](C)O1,DAUNORUBICIN
CHEMBL17860,ENSG00000150594,CC(Oc1c(Cl)cccc1Cl)C1=NCCN1,LOFEXIDINE
CHEMBL17860,ENSG00000184160,CC(Oc1c(Cl)cccc1Cl)C1=NCCN1,LOFEXIDINE
CHEMBL1789941,ENSG00000096968,N#CC[C@H](C1CCCC1)n1cc(-c2ncnc3[nH]ccc23)cn1,RUXOLITINIB
CHEMBL1789941,ENSG00000162434,N#CC[C@H](C1CCCC1)n1cc(-c2ncnc3[nH]ccc23)cn1,RUXOLITINIB
CHEMBL181,ENSG00000187486,CC1=Nc2ccc(Cl)cc2S(=O)(=O)N1,DIAZOXIDE
CHEMBL18442,ENSG00000121966,c1cc(CN2CCCNCCNCCCNCC2)ccc1CN1CCCNCCNCCCNCC1,PLERIXAFOR
CHEMBL185,ENSG00000176890,O=c1[nH]cc(F)c(=O)[nH]1,FLUOROURACIL
CHEMBL1852688,ENSG00000066468,CCN1CCN(c2ccc(Nc3cc(N(C)C(=O)Nc4c(Cl)c(OC)cc(OC)c4Cl)ncn3)cc2)CC1,INFIGRATINIB
CHEMBL1852688,ENSG00000068078,CCN1CCN(c2ccc(Nc3cc(N(C)C(=O)Nc4c(Cl)c(OC)cc(OC)c4Cl)ncn3)cc2)CC1,INFIGRATINIB
CHEMBL1852688,ENSG00000077782,CCN1CCN(c2ccc(Nc3cc(N(C)C(=O)Nc4c(Cl)c(OC)cc(OC)c4Cl)ncn3)cc2)CC1,INFIGRATINIB
CHEMBL1852688,ENSG00000160867,CCN1CCN(c2ccc(Nc3cc(N(C)C(=O)Nc4c(Cl)c(OC)cc(OC)c4Cl)ncn3)cc2)CC1,INFIGRATINIB
CHEMBL189171,ENSG00000073756,COc1ccc2c(c1)c(CC(=O)OCC(=O)O)c(C)n2C(=O)c1ccc(Cl)cc1,ACEMETACIN
CHEMBL189963,ENSG00000105810,CC(=O)c1c(C)c2cnc(Nc3ccc(N4CCNCC4)cn3)nc2n(C2CCCC2)c1=O,PALBOCICLIB
CHEMBL189963,ENSG00000135446,CC(=O)c1c(C)c2cnc(Nc3ccc(N4CCNCC4)cn3)nc2n(C2CCCC2)c1=O,PALBOCICLIB
CHEMBL190,ENSG00000113448,Cn1c(=O)c2[nH]cnc2n(C)c1=O,THEOPHYLLINE
CHEMBL190,ENSG00000128271,Cn1c(=O)c2[nH]cnc2n(C)c1=O,THEOPHYLLINE
CHEMBL190,ENSG00000170425,Cn1c(=O)c2[nH]cnc2n(C)c1=O,THEOPHYLLINE
CHEMBL1908360,ENSG00000088832,CO[C@H]1C[C@@H]2CC[C@@H](C)[C@@](O)(O2)C(=O)C(=O)N2CCCC[C@H]2C(=O)O[C@H]([C@H](C)C[C@@H]2CC[C@@H](OCCO)[C@H](OC)C2)CC(=O)[C@H](C)/C=C(\C)[C@@H](O)[C@@H](OC)C(=O)[C@H](C)C[C@H](C)/C=C/C=C/C=C/1C,EVEROLIMUS
CHEMBL1908391,ENSG00000068078,Cc1ccc(NC(=O)c2ccc(CN3CCN(C)CC3)cc2)cc1Nc1nc(-c2cccnc2)cs1,MASITINIB
CHEMBL1908391,ENSG00000113721,Cc1ccc(NC(=O)c2ccc(CN3CCN(C)CC3)cc2)cc1Nc1nc(-c2cccnc2)cs1,MASITINIB
CHEMBL1908391,ENSG00000134853,Cc1ccc(NC(=O)c2ccc(CN3CCN(C)CC3)cc2)cc1Nc1nc(-c2cccnc2)cs1,MASITINIB
CHEMBL1908391,ENSG00000157404,Cc1ccc(NC(=O)c2ccc(CN3CCN(C)CC3)cc2)cc1Nc1nc(-c2cccnc2)cs1,MASITINIB
CHEMBL191,ENSG00000144891,CCCCc1nc(Cl)c(CO)n1Cc1ccc(-c2ccccc2-c2nnn[nH]2)cc1,LOSARTAN
CHEMBL19236,ENSG00000010322,COc1nc(C)nc(Cl)c1NC1=NCCN1,MOXONIDINE
CHEMBL193,ENSG00000151067,COC(=O)C1=C(C)NC(C)=C(C(=O)OC)C1c1ccccc1[N+](=O)[O-],NIFEDIPINE
CHEMBL193,ENSG00000157388,COC(=O)C1=C(C)NC(C)=C(C(=O)OC)C1c1ccccc1[N+](=O)[O-],NIFEDIPINE
CHEMBL198362,ENSG00000126218,O=C(NC[C@H]1CN(c2ccc(N3CCOCC3=O)cc2)C(=O)O1)c1ccc(Cl)s1,RIVAROXABAN
CHEMBL2028663,ENSG00000157764,CC(C)(C)c1nc(-c2cccc(NS(=O)(=O)c3c(F)cccc3F)c2F)c(-c2ccnc(N)n2)s1,DABRAFENIB
CHEMBL20883,ENSG00000176890,O=c1[nH]c(=O)n(C2CCCO2)cc1F,TEGAFUR
CHEMBL2105737,ENSG00000128602,Cc1c(C(=O)Nc2ccc(N3C[C@@H](C)O[C@@H](C)C3)nc2)cccc1-c1ccc(OC(F)(F)F)cc1,SONIDEGIB
CHEMBL2141296,ENSG00000100804,CC(C)C[C@H](NC(=O)CNC(=O)c1cc(Cl)ccc1Cl)B(O)O,IXAZOMIB
CHEMBL218490,ENSG00000104267,CCN[C@H]1C[C@H](C)S(=O)(=O)c2sc(S(N)(=O)=O)cc21,DORZOLAMIDE
CHEMBL220491,ENSG00000104267,CCN[C@H]1CN(CCCOC)S(=O)(=O)c2sc(S(N)(=O)=O)cc21,BRINZOLAMIDE
CHEMBL220492,ENSG00000022355,CC1(C)O[C@@H]2[C@@H](CO[C@@]3(COS(N)(=O)=O)OC(C)(C)O[C@@H]23)O1,TOPIRAMATE
CHEMBL220492,ENSG00000094755,CC1(C)O[C@@H]2[C@@H](CO[C@@]3(COS(N)(=O)=O)OC(C)(C)O[C@@H]23)O1,TOPIRAMATE
CHEMBL220492,ENSG00000104267,CC1(C)O[C@@H]2[C@@H](CO[C@@]3(COS(N)(=O)=O)OC(C)(C)O[C@@H]23)O1,TOPIRAMATE
CHEMBL220492,ENSG00000163285,CC1(C)O[C@@H]2[C@@H](CO[C@@]3(COS(N)(=O)=O)OC(C)(C)O[C@@H]23)O1,TOPIRAMATE
CHEMBL220492,ENSG00000166206,CC1(C)O[C@@H]2[C@@H](CO[C@@]3(COS(N)(=O)=O)OC(C)(C)O[C@@H]23)O1,TOPIRAMATE
CHEMBL220492,ENSG00000169432,CC1(C)O[C@@H]2[C@@H](CO[C@@]3(COS(N)(=O)=O)OC(C)(C)O[C@@H]23)O1,TOPIRAMATE
CHEMBL220492,ENSG00000186297,CC1(C)O[C@@H]2[C@@H](CO[C@@]3(COS(N)(=O)=O)OC(C)(C)O[C@@H]23)O1,TOPIRAMATE
CHEMBL2216870,ENSG00000171608,CC[C@H](Nc1ncnc2[nH]cnc12)c1nc2cccc(F)c2c(=O)n1-c1ccccc1,IDELALISIB
CHEMBL225071,ENSG00000176890,Cc1nc(=O)c2cc(CN(C)c3ccc(C(=O)N[C@@H](CCC(=O)O)C(=O)O)s3)ccc2[nH]1,RALTITREXED
CHEMBL23,ENSG00000151067,COc1ccc([C@@H]2Sc3ccccc3N(CCN(C)C)C(=O)[C@@H]2OC(C)=O)cc1,DILTIAZEM
CHEMBL23,ENSG00000157388,COc1ccc([C@@H]2Sc3ccccc3N(CCN(C)C)C(=O)[C@@H]2OC(C)=O)cc1,DILTIAZEM
CHEMBL240597,ENSG00000012504,C[C@H](CCC(=O)O)[C@H]1CC[C@H]2[C@@H]3[C@H](O)C[C@@H]4C[C@H](O)CC[C@]4(C)[C@H]3CC[C@]12C,CHENODIOL
CHEMBL24072,ENSG00000198668,CC(Cc1ccccc1)NCCC(c1ccccc1)c1ccccc1,PRENYLAMINE
CHEMBL243712,ENSG00000147246,CCN1CCCC1CNC(=O)c1cc(S(=O)(=O)CC)c(N)cc1OC,AMISULPRIDE
CHEMBL24441,ENSG00000196639,CNCCc1ccccn1,BETAHISTINE
CHEMBL248702,ENSG00000147246,CCN[C@@H](C)Cc1cccc(C(F)(F)F)c1,DEXFENFLURAMINE
CHEMBL25,ENSG00000073756,CC(=O)Oc1ccccc1C(=O)O,ASPIRIN
CHEMBL256997,ENSG00000083845,O=C(O)c1cccc(-c2noc(-c3ccccc3F)n2)c1,ATALUREN
CHEMBL256997,ENSG00000105193,O=C(O)c1cccc(-c2noc(-c3ccccc3F)n2)c1,ATALUREN
CHEMBL256997,ENSG00000105372,O=C(O)c1cccc(-c2noc(-c3ccccc3F)n2)c1,ATALUREN
CHEMBL256997,ENSG00000110700,O=C(O)c1cccc(-c2noc(-c3ccccc3F)n2)c1,ATALUREN
CHEMBL256997,ENSG00000116251,O=C(O)c1cccc(-c2noc(-c3ccccc3F)n2)c1,ATALUREN
CHEMBL256997,ENSG00000124614,O=C(O)c1cccc(-c2noc(-c3ccccc3F)n2)c1,ATALUREN
CHEMBL256997,ENSG00000134419,O=C(O)c1cccc(-c2noc(-c3ccccc3F)n2)c1,ATALUREN
CHEMBL256997,ENSG00000137154,O=C(O)c1cccc(-c2noc(-c3ccccc3F)n2)c1,ATALUREN
CHEMBL256997,ENSG00000143947,O=C(O)c1cccc(-c2noc(-c3ccccc3F)n2)c1,ATALUREN
CHEMBL256997,ENSG00000145425,O=C(O)c1cccc(-c2noc(-c3ccccc3F)n2)c1,ATALUREN
CHEMBL256997,ENSG00000147604,O=C(O)c1cccc(-c2noc(-c3ccccc3F)n2)c1,ATALUREN
CHEMBL256997,ENSG00000149273,O=C(O)c1cccc(-c2noc(-c3ccccc3F)n2)c1,ATALUREN
CHEMBL256997,ENSG00000149806,O=C(O)c1cccc(-c2noc(-c3ccccc3F)n2)c1,ATALUREN
CHEMBL256997,ENSG00000164587,O=C(O)c1cccc(-c2noc(-c3ccccc3F)n2)c1,ATALUREN
CHEMBL256997,ENSG00000171863,O=C(O)c1cccc(-c2noc(-c3ccccc3F)n2)c1,ATALUREN
CHEMBL264374,ENSG00000112033,CC(C)(Oc1ccc(CCNC(=O)c2ccc(Cl)cc2)cc1)C(=O)O,BEZAFIBRATE
CHEMBL264374,ENSG00000132170,CC(C)(Oc1ccc(CCNC(=O)c2ccc(Cl)cc2)cc1)C(=O)O,BEZAFIBRATE
CHEMBL264374,ENSG00000186951,CC(C)(Oc1ccc(CCNC(=O)c2ccc(Cl)cc2)cc1)C(=O)O,BEZAFIBRATE
CHEMBL27,ENSG00000169252,CC(C)NCC(O)COc1cccc2ccccc12,PROPRANOLOL
CHEMBL278819,ENSG00000147246,Cc1cc(-c2ccccc2)nnc1NCCN1CCOCC1,MINAPRINE
CHEMBL278819,ENSG00000168539,Cc1cc(-c2ccccc2)nnc1NCCN1CCOCC1,MINAPRINE
CHEMBL296419,ENSG00000196639,COc1ccc(CCN2CCC(Nc3nc4ccccc4n3Cc3ccc(F)cc3)CC2)cc1,ASTEMIZOLE
CHEMBL312448,ENSG00000150594,Cc1cc(C(C)(C)C)cc(C)c1CC1=NCCN1,XYLOMETAZOLINE
CHEMBL312448,ENSG00000184160,Cc1cc(C(C)(C)C)cc(C)c1CC1=NCCN1,XYLOMETAZOLINE
CHEMBL325041,ENSG00000100804,CC(C)C[C@H](NC(=O)[C@H](Cc1ccccc1)NC(=O)c1cnccn1)B(O)O,BORTEZOMIB
CHEMBL32800,ENSG00000169252,CC(Cc1ccc(O)cc1)NCC(O)c1cc(O)cc(O)c1,FENOTEROL
CHEMBL34259,ENSG00000228716,CN(Cc1cnc2nc(N)nc(N)c2n1)c1ccc(C(=O)N[C@@H](CCC(=O)O)C(=O)O)cc1,METHOTREXATE
CHEMBL38,ENSG00000077092,CC1=C(/C=C/C(C)=C/C=C/C(C)=C/C(=O)O)C(C)(C)CCC1,TRETINOIN
CHEMBL38,ENSG00000131759,CC1=C(/C=C/C(C)=C/C=C/C(C)=C/C(=O)O)C(C)(C)CCC1,TRETINOIN
CHEMBL38,ENSG00000172819,CC1=C(/C=C/C(C)=C/C=C/C(C)=C/C(=O)O)C(C)(C)CCC1,TRETINOIN
CHEMBL384467,ENSG00000113580,C[C@@H]1C[C@H]2[C@@H]3CCC4=CC(=O)C=C[C@]4(C)[C@@]3(F)[C@@H](O)C[C@]2(C)[C@@]1(O)C(=O)CO,DEXAMETHASONE
CHEMBL389621,ENSG00000113580,C[C@]12CCC(=O)C=C1CC[C@@H]1[C@@H]2[C@@H](O)C[C@@]2(C)[C@H]1CC[C@]2(O)C(=O)CO,HYDROCORTISONE
CHEMBL397420,ENSG00000167397,CC(=O)CC(c1ccc([N+](=O)[O-])cc1)c1c(O)c2ccccc2oc1=O,ACENOCOUMAROL
CHEMBL400599,ENSG00000057252,CC(Cc1cccc(C(F)(F)F)c1)NCCOC(=O)c1ccccc1,BENFLUOREX
CHEMBL404849,ENSG00000151067,CCCCCCCCNC(C)C(O)c1ccc(SC(C)C)cc1,SULOCTIDIL
CHEMBL404849,ENSG00000157388,CCCCCCCCNC(C)C(O)c1ccc(SC(C)C)cc1,SULOCTIDIL
CHEMBL408,ENSG00000132170,Cc1c(C)c2c(c(C)c1O)CCC(C)(COc1ccc(CC3SC(=O)NC3=O)cc1)O2,TROGLITAZONE
CHEMBL408513,ENSG00000048052,O=C(/C=C/c1cccc(S(=O)(=O)Nc2ccccc2)c1)NO,BELINOSTAT
CHEMBL408513,ENSG00000061273,O=C(/C=C/c1cccc(S(=O)(=O)Nc2ccccc2)c1)NO,BELINOSTAT
CHEMBL408513,ENSG00000068024,O=C(/C=C/c1cccc(S(=O)(=O)Nc2ccccc2)c1)NO,BELINOSTAT
CHEMBL408513,ENSG00000094631,O=C(/C=C/c1cccc(S(=O)(=O)Nc2ccccc2)c1)NO,BELINOSTAT
CHEMBL408513,ENSG00000100429,O=C(/C=C/c1cccc(S(=O)(=O)Nc2ccccc2)c1)NO,BELINOSTAT
CHEMBL408513,ENSG00000108840,O=C(/C=C/c1cccc(S(=O)(=O)Nc2ccccc2)c1)NO,BELINOSTAT
CHEMBL408513,ENSG00000116478,O=C(/C=C/c1cccc(S(=O)(=O)Nc2ccccc2)c1)NO,BELINOSTAT
CHEMBL408513,ENSG00000147099,O=C(/C=C/c1cccc(S(=O)(=O)Nc2ccccc2)c1)NO,BELINOSTAT
CHEMBL408513,ENSG00000163517,O=C(/C=C/c1cccc(S(=O)(=O)Nc2ccccc2)c1)NO,BELINOSTAT
CHEMBL408513,ENSG00000171720,O=C(/C=C/c1cccc(S(=O)(=O)Nc2ccccc2)c1)NO,BELINOSTAT
CHEMBL408513,ENSG00000196591,O=C(/C=C/c1cccc(S(=O)(=O)Nc2ccccc2)c1)NO,BELINOSTAT
CHEMBL409,ENSG00000169083,CC(O)(CS(=O)(=O)c1ccc(F)cc1)C(=O)Nc1ccc(C#N)c(C(F)(F)F)c1,BICALUTAMIDE
CHEMBL411,ENSG00000091831,CC/C(=C(/CC)c1ccc(O)cc1)c1ccc(O)cc1,DIETHYLSTILBESTROL
CHEMBL413,ENSG00000088832,CO[C@H]1C[C@@H]2CC[C@@H](C)[C@@](O)(O2)C(=O)C(=O)N2CCCC[C@H]2C(=O)O[C@H]([C@H](C)C[C@@H]2CC[C@@H](O)[C@H](OC)C2)CC(=O)[C@H](C)/C=C(\C)[C@@H](O)[C@@H](OC)C(=O)[C@H](C)C[C@H](C)/C=C/C=C/C=C/1C,SIROLIMUS
CHEMBL416146,ENSG00000073756,Cc1ccc(-c2ncc(Cl)cc2-c2ccc(S(C)(=O)=O)cc2)cn1,ETORICOXIB
CHEMBL421,ENSG00000073756,O=C(O)c1cc(/N=N/c2ccc(S(=O)(=O)Nc3ccccn3)cc2)ccc1O,SULFASALAZINE
CHEMBL422,ENSG00000147246,CN1CCN(CCCN2c3ccccc3Sc3ccc(C(F)(F)F)cc32)CC1,TRIFLUOPERAZINE
CHEMBL427216,ENSG00000187486,Cc1ccc(S(=O)(=O)NC(=O)NN2CC3CCCC3C2)cc1,GLICLAZIDE
CHEMBL429,ENSG00000150594,CC(CCc1ccccc1)NCC(O)c1ccc(O)c(C(N)=O)c1,LABETALOL
CHEMBL429,ENSG00000169252,CC(CCc1ccccc1)NCC(O)c1ccc(O)c(C(N)=O)c1,LABETALOL
CHEMBL429,ENSG00000184160,CC(CCc1ccccc1)NCC(O)c1ccc(O)c(C(N)=O)c1,LABETALOL
CHEMBL43064,ENSG00000151067,C(=C/c1ccccc1)\CN1CCN(C(c2ccccc2)c2ccccc2)CC1,CINNARIZINE
CHEMBL43064,ENSG00000157388,C(=C/c1ccccc1)\CN1CCN(C(c2ccccc2)c2ccccc2)CC1,CINNARIZINE
CHEMBL43064,ENSG00000196639,C(=C/c1ccccc1)\CN1CCN(C(c2ccccc2)c2ccccc2)CC1,CINNARIZINE
CHEMBL44657,ENSG00000077097,COc1cc([C@@H]2c3cc4c(cc3[C@@H](O[C@@H]3O[C@@H]5CO[C@@H](C)O[C@H]5[C@H](O)[C@H]3O)[C@H]3COC(=O)[C@H]23)OCO4)cc(OC)c1O,ETOPOSIDE
CHEMBL44657,ENSG00000131747,COc1cc([C@@H]2c3cc4c(cc3[C@@H](O[C@@H]3O[C@@H]5CO[C@@H](C)O[C@H]5[C@H](O)[C@H]3O)[C@H]3COC(=O)[C@H]23)OCO4)cc(OC)c1O,ETOPOSIDE
CHEMBL448,ENSG00000166206,CCCC(C)C1(CC)C(=O)NC(=O)NC1=O,PENTOBARBITAL
CHEMBL451,ENSG00000022355,CNC1=Nc2ccc(Cl)cc2C(c2ccccc2)=[N+]([O-])C1,CHLORDIAZEPOXIDE
CHEMBL451,ENSG00000163285,CNC1=Nc2ccc(Cl)cc2C(c2ccccc2)=[N+]([O-])C1,CHLORDIAZEPOXIDE
CHEMBL451,ENSG00000186297,CNC1=Nc2ccc(Cl)cc2C(c2ccccc2)=[N+]([O-])C1,CHLORDIAZEPOXIDE
CHEMBL457,ENSG00000186951,Cc1ccc(C)c(OCCCC(C)(C)C(=O)O)c1,GEMFIBROZIL
CHEMBL459,ENSG00000150594,C[C@](N)(Cc1ccc(O)c(O)c1)C(=O)O,METHYLDOPA
CHEMBL459,ENSG00000184160,C[C@](N)(Cc1ccc(O)c(O)c1)C(=O)O,METHYLDOPA
CHEMBL468,ENSG00000100387,O=C1CCC(N2C(=O)c3ccccc3C2=O)C(=O)N1,THALIDOMIDE
CHEMBL468,ENSG00000167986,O=C1CCC(N2C(=O)c3ccccc3C2=O)C(=O)N1,THALIDOMIDE
CHEMBL469,ENSG00000073756,O=C(c1ccccc1)c1ccc2n1CCC2C(=O)O,KETOROLAC
CHEMBL471,ENSG00000169252,CC(C)NCC(O)c1ccc(NS(C)(=O)=O)cc1,SOTALOL
CHEMBL472,ENSG00000187486,COc1ccc(Cl)cc1C(=O)NCCc1ccc(S(=O)(=O)NC(=O)NC2CCCCC2)cc1,GLYBURIDE
CHEMBL475534,ENSG00000151067,CCOC(=O)C1=C(C)NC(C)=C(C(=O)OC)C1c1cccc([N+](=O)[O-])c1,NITRENDIPINE
CHEMBL475534,ENSG00000157388,CCOC(=O)C1=C(C)NC(C)=C(C(=O)OC)C1c1cccc([N+](=O)[O-])c1,NITRENDIPINE
CHEMBL479,ENSG00000147246,CSc1ccc2c(c1)N(CCC1CCCCN1C)c1ccccc1S2,THIORIDAZINE
CHEMBL481,ENSG00000198900,CCc1c2c(nc3ccc(OC(=O)N4CCC(N5CCCCC5)CC4)cc13)-c1cc3c(c(=O)n1C2)COC(=O)[C@]3(O)CC,IRINOTECAN
CHEMBL483254,ENSG00000048052,Cc1[nH]c2ccccc2c1CCNCc1ccc(/C=C/C(=O)NO)cc1,PANOBINOSTAT
CHEMBL483254,ENSG00000061273,Cc1[nH]c2ccccc2c1CCNCc1ccc(/C=C/C(=O)NO)cc1,PANOBINOSTAT
CHEMBL483254,ENSG00000068024,Cc1[nH]c2ccccc2c1CCNCc1ccc(/C=C/C(=O)NO)cc1,PANOBINOSTAT
CHEMBL483254,ENSG00000094631,Cc1[nH]c2ccccc2c1CCNCc1ccc(/C=C/C(=O)NO)cc1,PANOBINOSTAT
CHEMBL483254,ENSG00000100429,Cc1[nH]c2ccccc2c1CCNCc1ccc(/C=C/C(=O)NO)cc1,PANOBINOSTAT
CHEMBL483254,ENSG00000108840,Cc1[nH]c2ccccc2c1CCNCc1ccc(/C=C/C(=O)NO)cc1,PANOBINOSTAT
CHEMBL483254,ENSG00000116478,Cc1[nH]c2ccccc2c1CCNCc1ccc(/C=C/C(=O)NO)cc1,PANOBINOSTAT
CHEMBL483254,ENSG00000147099,Cc1[nH]c2ccccc2c1CCNCc1ccc(/C=C/C(=O)NO)cc1,PANOBINOSTAT
CHEMBL483254,ENSG00000163517,Cc1[nH]c2ccccc2c1CCNCc1ccc(/C=C/C(=O)NO)cc1,PANOBINOSTAT
CHEMBL483254,ENSG00000171720,Cc1[nH]c2ccccc2c1CCNCc1ccc(/C=C/C(=O)NO)cc1,PANOBINOSTAT
CHEMBL483254,ENSG00000196591,Cc1[nH]c2ccccc2c1CCNCc1ccc(/C=C/C(=O)NO)cc1,PANOBINOSTAT
CHEMBL49080,ENSG00000169252,CC(C)(C)NCC(O)c1cc(Cl)c(N)c(Cl)c1,CLENBUTEROL
CHEMBL499,ENSG00000169252,CC(C)(C)NC[C@H](O)COc1nsnc1N1CCOCC1,TIMOLOL
CHEMBL500,ENSG00000169252,CC(C)NCC(O)COc1cccc2[nH]ccc12,PINDOLOL
CHEMBL503,ENSG00000113161,CC[C@H](C)C(=O)O[C@H]1C[C@@H](C)C=C2C=C[C@H](C)[C@H](CC[C@@H]3C[C@@H](O)CC(=O)O3)[C@H]21,LOVASTATIN
CHEMBL505,ENSG00000196639,CN(C)CCC(c1ccc(Cl)cc1)c1ccccn1,CHLORPHENIRAMINE
CHEMBL509,ENSG00000073756,Cc1ccc(Cl)c(Nc2ccccc2C(=O)O)c1Cl,MECLOFENAMIC ACID
CHEMBL511,ENSG00000196639,COc1ccc(CN(CCN(C)C)c2ccccn2)cc1,PYRILAMINE
CHEMBL516,ENSG00000196639,CN1CCC(=C2c3ccccc3C=Cc3ccccc32)CC1,CYPROHEPTADINE
CHEMBL517,ENSG00000169432,CC(C)N(CCC(C(N)=O)(c1ccccc1)c1ccccn1)C(C)C,DISOPYRAMIDE
CHEMBL521,ENSG00000073756,CC(C)Cc1ccc(C(C)C(=O)O)cc1,IBUPROFEN
CHEMBL521606,ENSG00000169252,CC(C)(C)NCC(O)COc1cccc2c1CC(O)C(O)C2,NADOLOL
CHEMBL521686,ENSG00000143799,O=C(c1cc(Cc2n[nH]c(=O)c3ccccc23)ccc1F)N1CCN(C(=O)C2CC2)CC1,OLAPARIB
CHEMBL524004,ENSG00000133019,C[N+]1(C)CCCC(OC(=O)C(O)(c2ccccc2)c2ccccc2)C1,MEPENZOLATE
CHEMBL524004,ENSG00000168539,C[N+]1(C)CCCC(OC(=O)C(O)(c2ccccc2)c2ccccc2)C1,MEPENZOLATE
CHEMBL534,ENSG00000196639,CN1CCC(=C2c3ccccc3CC(=O)c3sccc32)CC1,KETOTIFEN
CHEMBL53418,ENSG00000186350,O=C1c2cccc(O)c2C(=O)c2c(O)cccc21,DANTHRON
CHEMBL53463,ENSG00000131747,COc1cccc2c1C(=O)c1c(O)c3c(c(O)c1C2=O)C[C@@](O)(C(=O)CO)C[C@@H]3O[C@H]1C[C@H](N)[C@H](O)[C@H](C)O1,DOXORUBICIN
CHEMBL535,ENSG00000037280,CCN(CC)CCNC(=O)c1c(C)[nH]c(/C=C2\C(=O)Nc3ccc(F)cc32)c1C,SUNITINIB
CHEMBL535,ENSG00000102755,CCN(CC)CCNC(=O)c1c(C)[nH]c(/C=C2\C(=O)Nc3ccc(F)cc32)c1C,SUNITINIB
CHEMBL535,ENSG00000113721,CCN(CC)CCNC(=O)c1c(C)[nH]c(/C=C2\C(=O)Nc3ccc(F)cc32)c1C,SUNITINIB
CHEMBL535,ENSG00000122025,CCN(CC)CCNC(=O)c1c(C)[nH]c(/C=C2\C(=O)Nc3ccc(F)cc32)c1C,SUNITINIB
CHEMBL535,ENSG00000128052,CCN(CC)CCNC(=O)c1c(C)[nH]c(/C=C2\C(=O)Nc3ccc(F)cc32)c1C,SUNITINIB
CHEMBL535,ENSG00000134853,CCN(CC)CCNC(=O)c1c(C)[nH]c(/C=C2\C(=O)Nc3ccc(F)cc32)c1C,SUNITINIB
CHEMBL535,ENSG00000157404,CCN(CC)CCNC(=O)c1c(C)[nH]c(/C=C2\C(=O)Nc3ccc(F)cc32)c1C,SUNITINIB
CHEMBL535,ENSG00000165731,CCN(CC)CCNC(=O)c1c(C)[nH]c(/C=C2\C(=O)Nc3ccc(F)cc32)c1C,SUNITINIB
CHEMBL535,ENSG00000182578,CCN(CC)CCNC(=O)c1c(C)[nH]c(/C=C2\C(=O)Nc3ccc(F)cc32)c1C,SUNITINIB
CHEMBL546,ENSG00000169252,C=CCOc1ccccc1OCC(O)CNC(C)C,OXPRENOLOL
CHEMBL547,ENSG00000077092,CC1=C(/C=C/C(C)=C/C=C/C(C)=C\C(=O)O)C(C)(C)CCC1,ISOTRETINOIN
CHEMBL547,ENSG00000131759,CC1=C(/C=C/C(C)=C/C=C/C(C)=C\C(=O)O)C(C)(C)CCC1,ISOTRETINOIN
CHEMBL547,ENSG00000172819,CC1=C(/C=C/C(C)=C/C=C/C(C)=C\C(=O)O)C(C)(C)CCC1,ISOTRETINOIN
CHEMBL550,ENSG00000133019,CC[C@@H]1C(=O)OC[C@@H]1Cc1cncn1C,PILOCARPINE
CHEMBL550,ENSG00000168539,CC[C@@H]1C(=O)OC[C@@H]1Cc1cncn1C,PILOCARPINE
CHEMBL557555,ENSG00000186951,CC(C)(Oc1ccc(C2CC2(Cl)Cl)cc1)C(=O)O,CIPROFIBRATE
CHEMBL558,ENSG00000169432,Cc1cccc(C)c1OCC(C)N,MEXILETINE
CHEMBL563,ENSG00000073756,CC(C(=O)O)c1ccc(-c2ccccc2)c(F)c1,FLURBIPROFEN
CHEMBL565,ENSG00000186951,CCOC(=O)C(C)(C)Oc1ccc(Cl)cc1,CLOFIBRATE
CHEMBL569,ENSG00000169432,CCN(CC)CCOC(=O)c1ccc(N)cc1,PROCAINE
CHEMBL569713,ENSG00000168539,CN1[C@@H]2C[C@@H](OC(=O)[C@H](CO)c3ccccc3)C[C@H]1[C@@H]1O[C@@H]12,SCOPOLAMINE
CHEMBL571,ENSG00000073756,CC(C(=O)O)c1cccc(C(=O)c2ccccc2)c1,KETOPROFEN
CHEMBL58,ENSG00000131747,O=C1c2c(O)ccc(O)c2C(=O)c2c(NCCNCCO)ccc(NCCNCCO)c21,MITOXANTRONE
CHEMBL580,ENSG00000022355,O=C1Nc2ccc(Cl)cc2C(c2ccccc2Cl)=NC1O,LORAZEPAM
CHEMBL580,ENSG00000163285,O=C1Nc2ccc(Cl)cc2C(c2ccccc2Cl)=NC1O,LORAZEPAM
CHEMBL580,ENSG00000186297,O=C1Nc2ccc(Cl)cc2C(c2ccccc2Cl)=NC1O,LORAZEPAM
CHEMBL585,ENSG00000111319,Nc1nc(N)c2nc(-c3ccccc3)c(N)nc2n1,TRIAMTERENE
CHEMBL594,ENSG00000196639,CCOCCn1c(N2CCCN(C)CC2)nc2ccccc21,EMEDASTINE
CHEMBL595,ENSG00000132170,CCc1ccc(CCOc2ccc(CC3SC(=O)NC3=O)cc2)nc1,PIOGLITAZONE
CHEMBL597,ENSG00000150594,Cc1ccc(N(CC2=NCCN2)c2cccc(O)c2)cc1,PHENTOLAMINE
CHEMBL597,ENSG00000184160,Cc1ccc(N(CC2=NCCN2)c2cccc(O)c2)cc1,PHENTOLAMINE
CHEMBL6,ENSG00000073756,COc1ccc2c(c1)c(CC(=O)O)c(C)n2C(=O)c1ccc(Cl)cc1,INDOMETHACIN
CHEMBL601719,ENSG00000105976,C[C@@H](Oc1cc(-c2cnn(C3CCNCC3)c2)cnc1N)c1c(Cl)ccc(F)c1Cl,CRIZOTINIB
CHEMBL601719,ENSG00000171094,C[C@@H](Oc1cc(-c2cnn(C3CCNCC3)c2)cnc1N)c1c(Cl)ccc(F)c1Cl,CRIZOTINIB
CHEMBL601719,ENSG00000181163,C[C@@H](Oc1cc(-c2cnn(C3CCNCC3)c2)cnc1N)c1c(Cl)ccc(F)c1Cl,CRIZOTINIB
CHEMBL608,ENSG00000165029,CC(C)(Sc1cc(C(C)(C)C)c(O)c(C(C)(C)C)c1)Sc1cc(C(C)(C)C)c(O)c(C(C)(C)C)c1,PROBUCOL
CHEMBL608533,ENSG00000027075,CO[C@@H]1[C@H](N(C)C(=O)c2ccccc2)C[C@H]2O[C@]1(C)n1c3ccccc3c3c4c(c5c6ccccc6n2c5c31)C(=O)NC4,MIDOSTAURIN
CHEMBL608533,ENSG00000065675,CO[C@@H]1[C@H](N(C)C(=O)c2ccccc2)C[C@H]2O[C@]1(C)n1c3ccccc3c3c4c(c5c6ccccc6n2c5c31)C(=O)NC4,MIDOSTAURIN
CHEMBL608533,ENSG00000067606,CO[C@@H]1[C@H](N(C)C(=O)c2ccccc2)C[C@H]2O[C@]1(C)n1c3ccccc3c3c4c(c5c6ccccc6n2c5c31)C(=O)NC4,MIDOSTAURIN
CHEMBL608533,ENSG00000113721,CO[C@@H]1[C@H](N(C)C(=O)c2ccccc2)C[C@H]2O[C@]1(C)n1c3ccccc3c3c4c(c5c6ccccc6n2c5c31)C(=O)NC4,MIDOSTAURIN
CHEMBL608533,ENSG00000115825,CO[C@@H]1[C@H](N(C)C(=O)c2ccccc2)C[C@H]2O[C@]1(C)n1c3ccccc3c3c4c(c5c6ccccc6n2c5c31)C(=O)NC4,MIDOSTAURIN
CHEMBL608533,ENSG00000122025,CO[C@@H]1[C@H](N(C)C(=O)c2ccccc2)C[C@H]2O[C@]1(C)n1c3ccccc3c3c4c(c5c6ccccc6n2c5c31)C(=O)NC4,MIDOSTAURIN
CHEMBL608533,ENSG00000126583,CO[C@@H]1[C@H](N(C)C(=O)c2ccccc2)C[C@H]2O[C@]1(C)n1c3ccccc3c3c4c(c5c6ccccc6n2c5c31)C(=O)NC4,MIDOSTAURIN
CHEMBL608533,ENSG00000128052,CO[C@@H]1[C@H](N(C)C(=O)c2ccccc2)C[C@H]2O[C@]1(C)n1c3ccccc3c3c4c(c5c6ccccc6n2c5c31)C(=O)NC4,MIDOSTAURIN
CHEMBL608533,ENSG00000134853,CO[C@@H]1[C@H](N(C)C(=O)c2ccccc2)C[C@H]2O[C@]1(C)n1c3ccccc3c3c4c(c5c6ccccc6n2c5c31)C(=O)NC4,MIDOSTAURIN
CHEMBL608533,ENSG00000154229,CO[C@@H]1[C@H](N(C)C(=O)c2ccccc2)C[C@H]2O[C@]1(C)n1c3ccccc3c3c4c(c5c6ccccc6n2c5c31)C(=O)NC4,MIDOSTAURIN
CHEMBL608533,ENSG00000157404,CO[C@@H]1[C@H](N(C)C(=O)c2ccccc2)C[C@H]2O[C@]1(C)n1c3ccccc3c3c4c(c5c6ccccc6n2c5c31)C(=O)NC4,MIDOSTAURIN
CHEMBL608533,ENSG00000163558,CO[C@@H]1[C@H](N(C)C(=O)c2ccccc2)C[C@H]2O[C@]1(C)n1c3ccccc3c3c4c(c5c6ccccc6n2c5c31)C(=O)NC4,MIDOSTAURIN
CHEMBL608533,ENSG00000163932,CO[C@@H]1[C@H](N(C)C(=O)c2ccccc2)C[C@H]2O[C@]1(C)n1c3ccccc3c3c4c(c5c6ccccc6n2c5c31)C(=O)NC4,MIDOSTAURIN
CHEMBL608533,ENSG00000166501,CO[C@@H]1[C@H](N(C)C(=O)c2ccccc2)C[C@H]2O[C@]1(C)n1c3ccccc3c3c4c(c5c6ccccc6n2c5c31)C(=O)NC4,MIDOSTAURIN
CHEMBL608533,ENSG00000171132,CO[C@@H]1[C@H](N(C)C(=O)c2ccccc2)C[C@H]2O[C@]1(C)n1c3ccccc3c3c4c(c5c6ccccc6n2c5c31)C(=O)NC4,MIDOSTAURIN
CHEMBL608533,ENSG00000184304,CO[C@@H]1[C@H](N(C)C(=O)c2ccccc2)C[C@H]2O[C@]1(C)n1c3ccccc3c3c4c(c5c6ccccc6n2c5c31)C(=O)NC4,MIDOSTAURIN
CHEMBL621,ENSG00000147246,O=c1n(CCCN2CCN(c3cccc(Cl)c3)CC2)nc2ccccn12,TRAZODONE
CHEMBL622,ENSG00000073756,CCc1cccc2c3c([nH]c12)C(CC)(CC(=O)O)OCC3,ETODOLAC
CHEMBL623,ENSG00000147246,CCc1nn(CCCN2CCN(c3cccc(Cl)c3)CC2)c(=O)n1CCOc1ccccc1,NEFAZODONE
CHEMBL628,ENSG00000113448,CC(=O)CCCCn1c(=O)c2c(ncn2C)n(C)c1=O,PENTOXIFYLLINE
CHEMBL628,ENSG00000128271,CC(=O)CCCCn1c(=O)c2c(ncn2C)n(C)c1=O,PENTOXIFYLLINE
CHEMBL628,ENSG00000170425,CC(=O)CCCCn1c(=O)c2c(ncn2C)n(C)c1=O,PENTOXIFYLLINE
CHEMBL631,ENSG00000169252,CCCNCC(O)COc1ccccc1C(=O)CCc1ccccc1,PROPAFENONE
CHEMBL631,ENSG00000169432,CCCNCC(O)COc1ccccc1C(=O)CCc1ccccc1,PROPAFENONE
CHEMBL632,ENSG00000113580,C[C@H]1C[C@H]2[C@@H]3CCC4=CC(=O)C=C[C@]4(C)[C@@]3(F)[C@@H](O)C[C@]2(C)[C@@]1(O)C(=O)CO,BETAMETHASONE
CHEMBL639,ENSG00000196639,CN1CCCC(n2nc(Cc3ccc(Cl)cc3)c3ccccc3c2=O)CC1,AZELASTINE
CHEMBL640,ENSG00000169432,CCN(CC)CCNC(=O)c1ccc(N)cc1,PROCAINAMIDE
CHEMBL643,ENSG00000196639,CC(CN1c2ccccc2Sc2ccccc21)N(C)C,PROMETHAZINE
CHEMBL644,ENSG00000147246,CC(CN(C)C)CN1c2ccccc2CCc2ccccc21,TRIMIPRAMINE
CHEMBL644,ENSG00000196639,CC(CN(C)C)CN1c2ccccc2CCc2ccccc21,TRIMIPRAMINE
CHEMBL648,ENSG00000196639,CN1CCN(C(c2ccccc2)c2ccccc2)CC1,CYCLIZINE
CHEMBL650,ENSG00000113580,C[C@H]1C[C@@H]2[C@H]([C@@H](O)C[C@@]3(C)[C@H]2CC[C@]3(O)C(=O)CO)[C@@]2(C)C=CC(=O)C=C12,METHYLPREDNISOLONE
CHEMBL654,ENSG00000147246,CN1CCN2c3ncccc3Cc3ccccc3C2C1,MIRTAZAPINE
CHEMBL654,ENSG00000150594,CN1CCN2c3ncccc3Cc3ccccc3C2C1,MIRTAZAPINE
CHEMBL654,ENSG00000184160,CN1CCN2c3ncccc3Cc3ccccc3C2C1,MIRTAZAPINE
CHEMBL655,ENSG00000022355,Cc1ncc2n1-c1ccc(Cl)cc1C(c1ccccc1F)=NC2,MIDAZOLAM
CHEMBL655,ENSG00000163285,Cc1ncc2n1-c1ccc(Cl)cc1C(c1ccccc1F)=NC2,MIDAZOLAM
CHEMBL655,ENSG00000186297,Cc1ncc2n1-c1ccc(Cl)cc1C(c1ccccc1F)=NC2,MIDAZOLAM
CHEMBL660,ENSG00000198785,NC12CC3CC(CC(C3)C1)C2,AMANTADINE
CHEMBL661,ENSG00000022355,Cc1nnc2n1-c1ccc(Cl)cc1C(c1ccccc1)=NC2,ALPRAZOLAM
CHEMBL661,ENSG00000163285,Cc1nnc2n1-c1ccc(Cl)cc1C(c1ccccc1)=NC2,ALPRAZOLAM
CHEMBL661,ENSG00000186297,Cc1nnc2n1-c1ccc(Cl)cc1C(c1ccccc1)=NC2,ALPRAZOLAM
CHEMBL667,ENSG00000133019,CC(=O)OCC[N+](C)(C)C,ACETYLCHOLINE
CHEMBL672,ENSG00000186951,CC(C)OC(=O)C(C)(C)Oc1ccc(C(=O)c2ccc(Cl)cc2)cc1,FENOFIBRATE
CHEMBL673,ENSG00000069535,C#CCN(C)Cc1ccccc1,PARGYLINE
CHEMBL686,ENSG00000073756,Cc1cccc(Nc2ccccc2C(=O)O)c1C,MEFENAMIC ACID
CHEMBL691,ENSG00000091831,C#C[C@]1(O)CC[C@H]2[C@@H]3CCc4cc(O)ccc4[C@H]3CC[C@@]21C,ETHINYL ESTRADIOL
CHEMBL6966,ENSG00000151067,COc1ccc(CCN(C)CCCC(C#N)(c2ccc(OC)c(OC)c2)C(C)C)cc1OC,VERAPAMIL
CHEMBL6966,ENSG00000157388,COc1ccc(CCN(C)CCCC(C#N)(c2ccc(OC)c(OC)c2)C(C)C)cc1OC,VERAPAMIL
CHEMBL698,ENSG00000169432,CCCCNc1ccc(C(=O)OCCN(C)C)cc1,TETRACAINE
CHEMBL704,ENSG00000073756,Nc1ccc(O)c(C(=O)O)c1,MESALAMINE
CHEMBL704,ENSG00000132170,Nc1ccc(O)c(C(=O)O)c1,MESALAMINE
CHEMBL705,ENSG00000077092,CC1=C(/C=C/C(C)=C\C=C\C(C)=C\C(=O)O)C(C)(C)CCC1,ALITRETINOIN
CHEMBL705,ENSG00000131759,CC1=C(/C=C/C(C)=C\C=C\C(C)=C\C(=O)O)C(C)(C)CCC1,ALITRETINOIN
CHEMBL705,ENSG00000143171,CC1=C(/C=C/C(C)=C\C=C\C(C)=C\C(=O)O)C(C)(C)CCC1,ALITRETINOIN
CHEMBL705,ENSG00000172819,CC1=C(/C=C/C(C)=C\C=C\C(C)=C\C(=O)O)C(C)(C)CCC1,ALITRETINOIN
CHEMBL705,ENSG00000186350,CC1=C(/C=C/C(C)=C\C=C\C(C)=C\C(=O)O)C(C)(C)CCC1,ALITRETINOIN
CHEMBL708,ENSG00000147246,O=C1Cc2cc(CCN3CCN(c4nsc5ccccc45)CC3)c(Cl)cc2N1,ZIPRASIDONE
CHEMBL714,ENSG00000169252,CC(C)(C)NCC(O)c1ccc(O)c(CO)c1,ALBUTEROL
CHEMBL715,ENSG00000147246,Cc1cc2c(s1)Nc1ccccc1N=C2N1CCN(C)CC1,OLANZAPINE
CHEMBL716,ENSG00000147246,OCCOCCN1CCN(C2=Nc3ccccc3Sc3ccccc32)CC1,QUETIAPINE
CHEMBL723,ENSG00000169252,COc1ccccc1OCCNCC(O)COc1cccc2[nH]c3ccccc3c12,CARVEDILOL
CHEMBL741,ENSG00000169432,Nc1nnc(-c2cccc(Cl)c2Cl)c(N)n1,LAMOTRIGINE
CHEMBL744,ENSG00000169432,Nc1nc2ccc(OC(F)(F)F)cc2s1,RILUZOLE
CHEMBL750,ENSG00000169432,NS(=O)(=O)Cc1noc2ccccc12,ZONISAMIDE
CHEMBL753,ENSG00000150594,CC(COc1ccccc1)N(CCCl)Cc1ccccc1,PHENOXYBENZAMINE
CHEMBL753,ENSG00000184160,CC(COc1ccccc1)N(CCCl)Cc1ccccc1,PHENOXYBENZAMINE
CHEMBL75435,ENSG00000073756,C[C@H](C(=O)O)c1cccc(C(=O)c2ccccc2)c1,DEXKETOPROFEN
CHEMBL75880,ENSG00000157184,C1CCC(C(CC2CCCCN2)C2CCCCC2)CC1,PERHEXILINE
CHEMBL75880,ENSG00000198793,C1CCC(C(CC2CCCCN2)C2CCCCC2)CC1,PERHEXILINE
CHEMBL761,ENSG00000150594,c1ccc2c(CC3=NCCN3)cccc2c1,NAPHAZOLINE
CHEMBL761,ENSG00000184160,c1ccc2c(CC3=NCCN3)cccc2c1,NAPHAZOLINE
CHEMBL762,ENSG00000150594,Cc1cc(C(C)(C)C)c(O)c(C)c1CC1=NCCN1,OXYMETAZOLINE
CHEMBL762,ENSG00000184160,Cc1cc(C(C)(C)C)c(O)c(C)c1CC1=NCCN1,OXYMETAZOLINE
CHEMBL768,ENSG00000169252,COC(=O)CCc1ccc(OCC(O)CNC(C)C)cc1,ESMOLOL
CHEMBL770,ENSG00000150594,c1ccc(CC2=NCCN2)cc1,TOLAZOLINE
CHEMBL770,ENSG00000184160,c1ccc(CC2=NCCN2)cc1,TOLAZOLINE
CHEMBL770,ENSG00000196639,c1ccc(CC2=NCCN2)cc1,TOLAZOLINE
CHEMBL782,ENSG00000187486,CCCCNC(=O)NS(=O)(=O)c1ccc(C)cc1,TOLBUTAMIDE
CHEMBL79,ENSG00000169432,CCN(CC)CC(=O)Nc1c(C)cccc1C,LIDOCAINE
CHEMBL803,ENSG00000014138,Nc1ccn([C@@H]2O[C@H](CO)[C@@H](O)[C@@H]2O)c(=O)n1,CYTARABINE
CHEMBL803,ENSG00000100479,Nc1ccn([C@@H]2O[C@H](CO)[C@@H](O)[C@@H]2O)c(=O)n1,CYTARABINE
CHEMBL803,ENSG00000101868,Nc1ccn([C@@H]2O[C@H](CO)[C@@H](O)[C@@H]2O)c(=O)n1,CYTARABINE
CHEMBL803,ENSG00000148229,Nc1ccn([C@@H]2O[C@H](CO)[C@@H](O)[C@@H]2O)c(=O)n1,CYTARABINE
CHEMBL803,ENSG00000175482,Nc1ccn([C@@H]2O[C@H](CO)[C@@H](O)[C@@H]2O)c(=O)n1,CYTARABINE
CHEMBL806,ENSG00000169083,CC(C)C(=O)Nc1ccc([N+](=O)[O-])c(C(F)(F)F)c1,FLUTAMIDE
CHEMBL807,ENSG00000198785,CC12CC3CC(C)(C1)CC(N)(C3)C2,MEMANTINE
CHEMBL811,ENSG00000196639,CN(C)CCC(c1ccc(Br)cc1)c1ccccn1,BROMPHENIRAMINE
CHEMBL813,ENSG00000144891,CCCCc1ncc(/C=C(\Cc2cccs2)C(=O)O)n1Cc1ccc(C(=O)O)cc1,EPROSARTAN
CHEMBL817,ENSG00000187486,Cc1ccc(S(=O)(=O)NC(=O)NN2CCCCCC2)cc1,TOLAZAMIDE
CHEMBL829,ENSG00000196639,CC(CN(C)C)CN1c2ccccc2Sc2ccccc21,METHYLPROMAZINE
CHEMBL83,ENSG00000091831,CC/C(=C(\c1ccccc1)c1ccc(OCCN(C)C)cc1)c1ccccc1,TAMOXIFEN
CHEMBL831,ENSG00000147246,CN1CCN(C2=Nc3ccccc3Oc3ccc(Cl)cc32)CC1,LOXAPINE
CHEMBL833,ENSG00000169313,Clc1ccccc1CN1CCc2sccc2C1,TICLOPIDINE
CHEMBL839,ENSG00000169252,CC(C)(C)NCC(O)COc1cccc2c1CCC(=O)N2,CARTEOLOL
CHEMBL844,ENSG00000150594,Brc1c(NC2=NCCN2)ccc2nccnc12,BRIMONIDINE
CHEMBL844,ENSG00000184160,Brc1c(NC2=NCCN2)ccc2nccnc12,BRIMONIDINE
CHEMBL846,ENSG00000111424,C=C1/C(=C\C=C2/CCC[C@]3(C)[C@@H]([C@H](C)CCCC(C)(C)O)CC[C@@H]23)C[C@@H](O)C[C@@H]1O,CALCITRIOL
CHEMBL848,ENSG00000100387,Nc1cccc2c1CN(C1CCC(=O)NC1=O)C2=O,LENALIDOMIDE
CHEMBL848,ENSG00000167986,Nc1cccc2c1CN(C1CCC(=O)NC1=O)C2=O,LENALIDOMIDE
CHEMBL85,ENSG00000147246,Cc1nc2n(c(=O)c1CCN1CCC(c3noc4cc(F)ccc34)CC1)CCCC2,RISPERIDONE
CHEMBL855,ENSG00000196639,Cc1ccc(/C(=C\CN2CCCC2)c2ccccn2)cc1,TRIPROLIDINE
CHEMBL856,ENSG00000166206,CCC1(c2ccccc2)C(=O)NCNC1=O,PRIMIDONE
CHEMBL856,ENSG00000169432,CCC1(c2ccccc2)C(=O)NCNC1=O,PRIMIDONE
CHEMBL861,ENSG00000169432,CCC1(c2ccccc2)NC(=O)N(C)C1=O,MEPHENYTOIN
CHEMBL864,ENSG00000196639,CN(C)CCOC(c1ccc(Cl)cc1)c1ccccn1,CARBINOXAMINE
CHEMBL865,ENSG00000073756,Cc1onc(-c2ccccc2)c1-c1ccc(S(N)(=O)=O)cc1,VALDECOXIB
CHEMBL866,ENSG00000106348,COc1c(C)c2c(c(O)c1C/C=C(\C)CCC(=O)O)C(=O)OC2,MYCOPHENOLIC ACID
CHEMBL866,ENSG00000178035,COc1c(C)c2c(c(O)c1C/C=C(\C)CCC(=O)O)C(=O)OC2,MYCOPHENOLIC ACID
CHEMBL86715,ENSG00000168539,OC(CCN1CCCC1)(c1ccccc1)C1CCCCC1,PROCYCLIDINE
CHEMBL870,ENSG00000160752,NCCCC(O)(P(=O)(O)O)P(=O)(O)O,ALENDRONIC ACID
CHEMBL888,ENSG00000014138,Nc1ccn([C@@H]2O[C@H](CO)[C@@H](O)C2(F)F)c(=O)n1,GEMCITABINE
CHEMBL888,ENSG00000100479,Nc1ccn([C@@H]2O[C@H](CO)[C@@H](O)C2(F)F)c(=O)n1,GEMCITABINE
CHEMBL888,ENSG00000101868,Nc1ccn([C@@H]2O[C@H](CO)[C@@H](O)C2(F)F)c(=O)n1,GEMCITABINE
CHEMBL888,ENSG00000148229,Nc1ccn([C@@H]2O[C@H](CO)[C@@H](O)C2(F)F)c(=O)n1,GEMCITABINE
CHEMBL888,ENSG00000167325,Nc1ccn([C@@H]2O[C@H](CO)[C@@H](O)C2(F)F)c(=O)n1,GEMCITABINE
CHEMBL888,ENSG00000175482,Nc1ccn([C@@H]2O[C@H](CO)[C@@H](O)C2(F)F)c(=O)n1,GEMCITABINE
CHEMBL89598,ENSG00000183044,C=CC(N)CCC(=O)O,VIGABATRIN
CHEMBL898,ENSG00000073756,O=C(O)c1cc(-c2ccc(F)cc2F)ccc1O,DIFLUNISAL
CHEMBL914,ENSG00000196639,CC(C)(C(=O)O)c1ccc(C(O)CCCN2CCC(C(O)(c3ccccc3)c3ccccc3)CC2)cc1,FEXOFENADINE
CHEMBL917,ENSG00000176890,O=c1[nH]c(=O)n([C@H]2C[C@H](O)[C@@H](CO)O2)cc1F,FLOXURIDINE
CHEMBL92401,ENSG00000069535,CC(C)NNC(=O)c1ccncc1,IPRONIAZID
CHEMBL926,ENSG00000169252,CC(CCc1ccc(O)cc1)NCCc1ccc(O)c(O)c1,DOBUTAMINE
CHEMBL932,ENSG00000112759,OCCN(CCO)c1nc(N2CCCCC2)c2nc(N(CCO)CCO)nc(N3CCCCC3)c2n1,DIPYRIDAMOLE
CHEMBL932,ENSG00000113448,OCCN(CCO)c1nc(N2CCCCC2)c2nc(N(CCO)CCO)nc(N3CCCCC3)c2n1,DIPYRIDAMOLE
CHEMBL939,ENSG00000146648,COc1cc2ncnc(Nc3ccc(F)c(Cl)c3)c2cc1OCCCN1CCOCC1,GEFITINIB
CHEMBL94454,ENSG00000196639,CN(c1nccc(=O)[nH]1)C1CCN(c2nc3ccccc3n2Cc2ccc(F)cc2)CC1,MIZOLASTINE
CHEMBL945,ENSG00000111319,N=C(N)NC(=O)c1nc(Cl)c(N)nc1N,AMILORIDE
CHEMBL953,ENSG00000093010,CCN(CC)C(=O)/C(C#N)=C/c1cc(O)c(O)c([N+](=O)[O-])c1,ENTACAPONE
CHEMBL956,ENSG00000073756,CC(C(=O)O)c1ccc(C(=O)c2cccs2)cc1,SUPROFEN
CHEMBL957,ENSG00000136160,COc1ccccc1Oc1c(NS(=O)(=O)c2ccc(C(C)(C)C)cc2)nc(-c2ncccn2)nc1OCCO,BOSENTAN
CHEMBL964,ENSG00000111275,CCN(CC)C(=S)SSC(=S)N(CC)CC,DISULFIRAM
CHEMBL972,ENSG00000069535,C#CCN(C)[C@H](C)Cc1ccccc1,SELEGILINE
CHEMBL98,ENSG00000094631,O=C(CCCCCCC(=O)Nc1ccccc1)NO,VORINOSTAT
CHEMBL98,ENSG00000116478,O=C(CCCCCCC(=O)Nc1ccccc1)NO,VORINOSTAT
CHEMBL98,ENSG00000171720,O=C(CCCCCCC(=O)Nc1ccccc1)NO,VORINOSTAT
CHEMBL98,ENSG00000196591,O=C(CCCCCCC(=O)Nc1ccccc1)NO,VORINOSTAT
CHEMBL989,ENSG00000113580,CC1(C)O[C@@H]2C[C@H]3[C@@H]4C[C@H](F)C5=CC(=O)C=C[C@]5(C)[C@@]4(F)[C@@H](O)C[C@]3(C)[C@]2(C(=O)CO)O1,FLUOCINOLONE ACETONIDE
CHEMBL9967,ENSG00000168539,CN1CCN(CC(=O)N2c3ccccc3C(=O)Nc3cccnc32)CC1,PIRENZEPINE
CHEMBL998,ENSG00000196639,CCOC(=O)N1CCC(=C2c3ccc(Cl)cc3CCc3cccnc32)CC1,LORATADINE
